{
  "$schema": "https://schema.management.azure.com/schemas/2015-01-01/deploymentTemplate.json#",
  "contentVersion": "1.0.0.0",
  "parameters": {
    "_artifactsLocation": {
      "type": "string"
    },
    "_artifactsLocationSasToken": {
      "type": "securestring"
    }},
  "variables": {
    "dataFactoryTemplateFolder": "nestedtemplates",
    "dataFactoryTemplateFileName": "dataFactory.json",
    "dataFactoryTemplateParametersFileName": "dataFactory.parameters.json",
    "rgstoreTemplateFolder": "nestedtemplates",
    "rgstoreTemplateFileName": "rgstore.json",
    "rgstoreTemplateParametersFileName": "rgstore.parameters.json",
    "dbTemplateFolder": "nestedtemplates",
    "dbTemplateFileName": "db.json",
    "dbTemplateParametersFileName": "db.parameters.json",
    "rgsqldbTemplateFolder": "nestedtemplates",
    "rgsqldbTemplateFileName": "rgsqldb.json",
    "rgsqldbTemplateParametersFileName": "rgsqldb.parameters.json"},
  "resources": [
    {
      "name": "dataFactory",
      "type": "Microsoft.Resources/deployments",
      "apiVersion": "2016-09-01",
      "dependsOn": [ ],
      "properties": {
        "mode": "Incremental",
        "templateLink": {
          "uri": "[concat(parameters('_artifactsLocation'), '/', variables('dataFactoryTemplateFolder'), '/', variables('dataFactoryTemplateFileName'), parameters('_artifactsLocationSasToken'))]",
          "contentVersion": "1.0.0.0"
        },
        "parametersLink": {
          "uri": "[concat(parameters('_artifactsLocation'), '/', variables('dataFactoryTemplateFolder'), '/', variables('dataFactoryTemplateParametersFileName'), parameters('_artifactsLocationSasToken'))]",
          "contentVersion": "1.0.0.0"
        }
      }
    },
    {
      "name": "rgstore",
      "type": "Microsoft.Resources/deployments",
      "apiVersion": "2016-09-01",
      "dependsOn": [ ],
      "properties": {
        "mode": "Incremental",
        "templateLink": {
          "uri": "[concat(parameters('_artifactsLocation'), '/', variables('rgstoreTemplateFolder'), '/', variables('rgstoreTemplateFileName'), parameters('_artifactsLocationSasToken'))]",
          "contentVersion": "1.0.0.0"
        },
        "parametersLink": {
          "uri": "[concat(parameters('_artifactsLocation'), '/', variables('rgstoreTemplateFolder'), '/', variables('rgstoreTemplateParametersFileName'), parameters('_artifactsLocationSasToken'))]",
          "contentVersion": "1.0.0.0"
        }
      }
    },
    {
      "name": "db",
      "type": "Microsoft.Resources/deployments",
      "apiVersion": "2016-09-01",
      "dependsOn": [ ],
      "properties": {
        "mode": "Incremental",
        "templateLink": {
          "uri": "[concat(parameters('_artifactsLocation'), '/', variables('dbTemplateFolder'), '/', variables('dbTemplateFileName'), parameters('_artifactsLocationSasToken'))]",
          "contentVersion": "1.0.0.0"
        },
        "parametersLink": {
          "uri": "[concat(parameters('_artifactsLocation'), '/', variables('dbTemplateFolder'), '/', variables('dbTemplateParametersFileName'), parameters('_artifactsLocationSasToken'))]",
          "contentVersion": "1.0.0.0"
        }
      }
    },
    {
      "name": "rgsqldb",
      "type": "Microsoft.Resources/deployments",
      "apiVersion": "2016-09-01",
      "dependsOn": [ "db" ],
      "properties": {
        "mode": "Incremental",
        "templateLink": {
          "uri": "[concat(parameters('_artifactsLocation'), '/', variables('rgsqldbTemplateFolder'), '/', variables('rgsqldbTemplateFileName'), parameters('_artifactsLocationSasToken'))]",
          "contentVersion": "1.0.0.0"
        },
        "parametersLink": {
          "uri": "[concat(parameters('_artifactsLocation'), '/', variables('rgsqldbTemplateFolder'), '/', variables('rgsqldbTemplateParametersFileName'), parameters('_artifactsLocationSasToken'))]",
          "contentVersion": "1.0.0.0"
        }
      }
    }],
  "outputs": {}
}
