{
  "$schema": "https://schema.management.azure.com/schemas/2015-01-01/deploymentTemplate.json#",
  "contentVersion": "1.0.0.0",
  "parameters": {},
  "variables": {
    "storageAccountTemplateFolder": "nestedtemplates",
    "storageAccountTemplateFileName": "storageAccount.json",
    "storageAccountTemplateParametersFileName": "storageAccount.parameters.json"},
  "resources": [
    {
      "apiVersion": "2017-09-01-preview",
      "name": "rgDataLake1234",
      "location": "East US",
      "type": "Microsoft.DataFactory/factories",
      "identity": {
        "type": "SystemAssigned"
      }
    }
  ],
  "outputs": {}
}