{
  "$schema": "https://schema.management.azure.com/schemas/2015-01-01/deploymentTemplate.json#",
  "contentVersion": "1.0.0.0",
  "parameters": {
    "rgstoreType": {
      "type": "string",
      "defaultValue": "Standard_LRS",
      "allowedValues": [
        "Standard_LRS",
        "Standard_ZRS",
        "Standard_GRS",
        "Standard_RAGRS",
        "Premium_LRS"
      ]
    }},
  "variables": {
    "rgstoreName": "[concat('rgstore', uniqueString(resourceGroup().id))]"},
  "resources": [
    {
      "name": "[variables('rgstoreName')]",
      "type": "Microsoft.Storage/storageAccounts",
      "location": "[resourceGroup().location]",
      "apiVersion": "2017-06-01",
      "sku": {
        "name": "[parameters('rgstoreType')]"
      },
      "dependsOn": [],
      "tags": {
        "displayName": "mystore"
      },
      "kind": "BlobStorage",
      "properties": {
        "accessTier": "Cool",
        "supportsHttpsTrafficOnly": false,
        "encryption": {
          "services": {
            "blob": {
              "enabled": true
            }
          },
          "keySource": "Microsoft.Storage"
        }
      }



    }

  ],
  "outputs": {}
}